"https://www.aliexpress.com/item/4000879601737.html?algo_pvid=194ae2a0-fabf-49f6-8647-94faeeffc739&algo_expid=194ae2a0-fabf-49f6-8647-94faeeffc739-0&btsid=0b86d81616032505551423621eed35&ws_ab_test=searchweb0_0,searchweb201602_,searchweb201603_"
"https://www.aliexpress.com/item/4000879601737.html?algo_pvid=194ae2a0-fabf-49f6-8647-94faeeffc739&algo_expid=194ae2a0-fabf-49f6-8647-94faeeffc739-0&btsid=0b86d81616032505551423621eed35&ws_ab_test=searchweb0_0,searchweb201602_,searchweb201603_"
"https://www.aliexpress.com/item/4000879601737.html?algo_pvid=194ae2a0-fabf-49f6-8647-94faeeffc739&algo_expid=194ae2a0-fabf-49f6-8647-94faeeffc739-0&btsid=0b86d81616032505551423621eed35&ws_ab_test=searchweb0_0,searchweb201602_,searchweb201603_#feedback"
"https://www.aliexpress.com/item/4000879601737.html?algo_pvid=194ae2a0-fabf-49f6-8647-94faeeffc739&algo_expid=194ae2a0-fabf-49f6-8647-94faeeffc739-0&btsid=0b86d81616032505551423621eed35&ws_ab_test=searchweb0_0,searchweb201602_,searchweb201603_#thf"
"https://www.aliexpress.com/item/4000796860257.html?algo_pvid=194ae2a0-fabf-49f6-8647-94faeeffc739&algo_expid=194ae2a0-fabf-49f6-8647-94faeeffc739-1&btsid=0b86d81616032505551423621eed35&ws_ab_test=searchweb0_0,searchweb201602_,searchweb201603_"
"https://www.aliexpress.com/item/4000796860257.html?algo_pvid=194ae2a0-fabf-49f6-8647-94faeeffc739&algo_expid=194ae2a0-fabf-49f6-8647-94faeeffc739-1&btsid=0b86d81616032505551423621eed35&ws_ab_test=searchweb0_0,searchweb201602_,searchweb201603_"
"https://www.aliexpress.com/item/4000796860257.html?algo_pvid=194ae2a0-fabf-49f6-8647-94faeeffc739&algo_expid=194ae2a0-fabf-49f6-8647-94faeeffc739-1&btsid=0b86d81616032505551423621eed35&ws_ab_test=searchweb0_0,searchweb201602_,searchweb201603_#feedback"
"https://www.aliexpress.com/item/4000796860257.html?algo_pvid=194ae2a0-fabf-49f6-8647-94faeeffc739&algo_expid=194ae2a0-fabf-49f6-8647-94faeeffc739-1&btsid=0b86d81616032505551423621eed35&ws_ab_test=searchweb0_0,searchweb201602_,searchweb201603_#thf"
"https://www.aliexpress.com/item/4001197180814.html?algo_pvid=194ae2a0-fabf-49f6-8647-94faeeffc739&algo_expid=194ae2a0-fabf-49f6-8647-94faeeffc739-2&btsid=0b86d81616032505551423621eed35&ws_ab_test=searchweb0_0,searchweb201602_,searchweb201603_"
"https://www.aliexpress.com/item/4001197180814.html?algo_pvid=194ae2a0-fabf-49f6-8647-94faeeffc739&algo_expid=194ae2a0-fabf-49f6-8647-94faeeffc739-2&btsid=0b86d81616032505551423621eed35&ws_ab_test=searchweb0_0,searchweb201602_,searchweb201603_"
"https://www.aliexpress.com/item/4001197180814.html?algo_pvid=194ae2a0-fabf-49f6-8647-94faeeffc739&algo_expid=194ae2a0-fabf-49f6-8647-94faeeffc739-2&btsid=0b86d81616032505551423621eed35&ws_ab_test=searchweb0_0,searchweb201602_,searchweb201603_#feedback"
"https://www.aliexpress.com/item/4001197180814.html?algo_pvid=194ae2a0-fabf-49f6-8647-94faeeffc739&algo_expid=194ae2a0-fabf-49f6-8647-94faeeffc739-2&btsid=0b86d81616032505551423621eed35&ws_ab_test=searchweb0_0,searchweb201602_,searchweb201603_#thf"
"https://www.aliexpress.com/item/32962831770.html?algo_pvid=194ae2a0-fabf-49f6-8647-94faeeffc739&algo_expid=194ae2a0-fabf-49f6-8647-94faeeffc739-3&btsid=0b86d81616032505551423621eed35&ws_ab_test=searchweb0_0,searchweb201602_,searchweb201603_"
"https://www.aliexpress.com/item/32962831770.html?algo_pvid=194ae2a0-fabf-49f6-8647-94faeeffc739&algo_expid=194ae2a0-fabf-49f6-8647-94faeeffc739-3&btsid=0b86d81616032505551423621eed35&ws_ab_test=searchweb0_0,searchweb201602_,searchweb201603_"
"https://www.aliexpress.com/item/32962831770.html?algo_pvid=194ae2a0-fabf-49f6-8647-94faeeffc739&algo_expid=194ae2a0-fabf-49f6-8647-94faeeffc739-3&btsid=0b86d81616032505551423621eed35&ws_ab_test=searchweb0_0,searchweb201602_,searchweb201603_#feedback"
"https://www.aliexpress.com/item/32962831770.html?algo_pvid=194ae2a0-fabf-49f6-8647-94faeeffc739&algo_expid=194ae2a0-fabf-49f6-8647-94faeeffc739-3&btsid=0b86d81616032505551423621eed35&ws_ab_test=searchweb0_0,searchweb201602_,searchweb201603_#thf"
"https://www.aliexpress.com/item/4000288914689.html?algo_pvid=194ae2a0-fabf-49f6-8647-94faeeffc739&algo_expid=194ae2a0-fabf-49f6-8647-94faeeffc739-4&btsid=0b86d81616032505551423621eed35&ws_ab_test=searchweb0_0,searchweb201602_,searchweb201603_"
"https://www.aliexpress.com/item/4000288914689.html?algo_pvid=194ae2a0-fabf-49f6-8647-94faeeffc739&algo_expid=194ae2a0-fabf-49f6-8647-94faeeffc739-4&btsid=0b86d81616032505551423621eed35&ws_ab_test=searchweb0_0,searchweb201602_,searchweb201603_"
"https://www.aliexpress.com/item/4000288914689.html?algo_pvid=194ae2a0-fabf-49f6-8647-94faeeffc739&algo_expid=194ae2a0-fabf-49f6-8647-94faeeffc739-4&btsid=0b86d81616032505551423621eed35&ws_ab_test=searchweb0_0,searchweb201602_,searchweb201603_#feedback"
"https://www.aliexpress.com/item/4000288914689.html?algo_pvid=194ae2a0-fabf-49f6-8647-94faeeffc739&algo_expid=194ae2a0-fabf-49f6-8647-94faeeffc739-4&btsid=0b86d81616032505551423621eed35&ws_ab_test=searchweb0_0,searchweb201602_,searchweb201603_#thf"
"https://www.aliexpress.com/item/1005001546990066.html?algo_pvid=194ae2a0-fabf-49f6-8647-94faeeffc739&algo_expid=194ae2a0-fabf-49f6-8647-94faeeffc739-5&btsid=0b86d81616032505551423621eed35&ws_ab_test=searchweb0_0,searchweb201602_,searchweb201603_"
"https://www.aliexpress.com/item/1005001546990066.html?algo_pvid=194ae2a0-fabf-49f6-8647-94faeeffc739&algo_expid=194ae2a0-fabf-49f6-8647-94faeeffc739-5&btsid=0b86d81616032505551423621eed35&ws_ab_test=searchweb0_0,searchweb201602_,searchweb201603_"
"https://www.aliexpress.com/item/1005001546990066.html?algo_pvid=194ae2a0-fabf-49f6-8647-94faeeffc739&algo_expid=194ae2a0-fabf-49f6-8647-94faeeffc739-5&btsid=0b86d81616032505551423621eed35&ws_ab_test=searchweb0_0,searchweb201602_,searchweb201603_#thf"
"https://www.aliexpress.com/item/4000808146586.html?algo_pvid=194ae2a0-fabf-49f6-8647-94faeeffc739&algo_expid=194ae2a0-fabf-49f6-8647-94faeeffc739-6&btsid=0b86d81616032505551423621eed35&ws_ab_test=searchweb0_0,searchweb201602_,searchweb201603_"
"https://www.aliexpress.com/item/4000808146586.html?algo_pvid=194ae2a0-fabf-49f6-8647-94faeeffc739&algo_expid=194ae2a0-fabf-49f6-8647-94faeeffc739-6&btsid=0b86d81616032505551423621eed35&ws_ab_test=searchweb0_0,searchweb201602_,searchweb201603_"
"https://www.aliexpress.com/item/4000808146586.html?algo_pvid=194ae2a0-fabf-49f6-8647-94faeeffc739&algo_expid=194ae2a0-fabf-49f6-8647-94faeeffc739-6&btsid=0b86d81616032505551423621eed35&ws_ab_test=searchweb0_0,searchweb201602_,searchweb201603_#feedback"
"https://www.aliexpress.com/item/4000808146586.html?algo_pvid=194ae2a0-fabf-49f6-8647-94faeeffc739&algo_expid=194ae2a0-fabf-49f6-8647-94faeeffc739-6&btsid=0b86d81616032505551423621eed35&ws_ab_test=searchweb0_0,searchweb201602_,searchweb201603_#thf"
"https://www.aliexpress.com/item/4001276051345.html?algo_pvid=194ae2a0-fabf-49f6-8647-94faeeffc739&algo_expid=194ae2a0-fabf-49f6-8647-94faeeffc739-7&btsid=0b86d81616032505551423621eed35&ws_ab_test=searchweb0_0,searchweb201602_,searchweb201603_"
"https://www.aliexpress.com/item/4001276051345.html?algo_pvid=194ae2a0-fabf-49f6-8647-94faeeffc739&algo_expid=194ae2a0-fabf-49f6-8647-94faeeffc739-7&btsid=0b86d81616032505551423621eed35&ws_ab_test=searchweb0_0,searchweb201602_,searchweb201603_"
"https://www.aliexpress.com/item/4001276051345.html?algo_pvid=194ae2a0-fabf-49f6-8647-94faeeffc739&algo_expid=194ae2a0-fabf-49f6-8647-94faeeffc739-7&btsid=0b86d81616032505551423621eed35&ws_ab_test=searchweb0_0,searchweb201602_,searchweb201603_#feedback"
"https://www.aliexpress.com/item/4001276051345.html?algo_pvid=194ae2a0-fabf-49f6-8647-94faeeffc739&algo_expid=194ae2a0-fabf-49f6-8647-94faeeffc739-7&btsid=0b86d81616032505551423621eed35&ws_ab_test=searchweb0_0,searchweb201602_,searchweb201603_#thf"
"https://www.aliexpress.com/item/1005001351548975.html?algo_pvid=194ae2a0-fabf-49f6-8647-94faeeffc739&algo_expid=194ae2a0-fabf-49f6-8647-94faeeffc739-8&btsid=0b86d81616032505551423621eed35&ws_ab_test=searchweb0_0,searchweb201602_,searchweb201603_"
"https://www.aliexpress.com/item/1005001351548975.html?algo_pvid=194ae2a0-fabf-49f6-8647-94faeeffc739&algo_expid=194ae2a0-fabf-49f6-8647-94faeeffc739-8&btsid=0b86d81616032505551423621eed35&ws_ab_test=searchweb0_0,searchweb201602_,searchweb201603_"
"https://www.aliexpress.com/item/1005001351548975.html?algo_pvid=194ae2a0-fabf-49f6-8647-94faeeffc739&algo_expid=194ae2a0-fabf-49f6-8647-94faeeffc739-8&btsid=0b86d81616032505551423621eed35&ws_ab_test=searchweb0_0,searchweb201602_,searchweb201603_#feedback"
"https://www.aliexpress.com/item/1005001351548975.html?algo_pvid=194ae2a0-fabf-49f6-8647-94faeeffc739&algo_expid=194ae2a0-fabf-49f6-8647-94faeeffc739-8&btsid=0b86d81616032505551423621eed35&ws_ab_test=searchweb0_0,searchweb201602_,searchweb201603_#thf"
"https://www.aliexpress.com/item/1005001515964616.html?algo_pvid=194ae2a0-fabf-49f6-8647-94faeeffc739&algo_expid=194ae2a0-fabf-49f6-8647-94faeeffc739-9&btsid=0b86d81616032505551423621eed35&ws_ab_test=searchweb0_0,searchweb201602_,searchweb201603_"
"https://www.aliexpress.com/item/1005001515964616.html?algo_pvid=194ae2a0-fabf-49f6-8647-94faeeffc739&algo_expid=194ae2a0-fabf-49f6-8647-94faeeffc739-9&btsid=0b86d81616032505551423621eed35&ws_ab_test=searchweb0_0,searchweb201602_,searchweb201603_"
"https://www.aliexpress.com/item/1005001515964616.html?algo_pvid=194ae2a0-fabf-49f6-8647-94faeeffc739&algo_expid=194ae2a0-fabf-49f6-8647-94faeeffc739-9&btsid=0b86d81616032505551423621eed35&ws_ab_test=searchweb0_0,searchweb201602_,searchweb201603_#thf"
"https://www.aliexpress.com/item/4001325972077.html?algo_pvid=194ae2a0-fabf-49f6-8647-94faeeffc739&algo_expid=194ae2a0-fabf-49f6-8647-94faeeffc739-10&btsid=0b86d81616032505551423621eed35&ws_ab_test=searchweb0_0,searchweb201602_,searchweb201603_"
"https://www.aliexpress.com/item/4001325972077.html?algo_pvid=194ae2a0-fabf-49f6-8647-94faeeffc739&algo_expid=194ae2a0-fabf-49f6-8647-94faeeffc739-10&btsid=0b86d81616032505551423621eed35&ws_ab_test=searchweb0_0,searchweb201602_,searchweb201603_"
"https://www.aliexpress.com/item/4001325972077.html?algo_pvid=194ae2a0-fabf-49f6-8647-94faeeffc739&algo_expid=194ae2a0-fabf-49f6-8647-94faeeffc739-10&btsid=0b86d81616032505551423621eed35&ws_ab_test=searchweb0_0,searchweb201602_,searchweb201603_#feedback"
"https://www.aliexpress.com/item/4001325972077.html?algo_pvid=194ae2a0-fabf-49f6-8647-94faeeffc739&algo_expid=194ae2a0-fabf-49f6-8647-94faeeffc739-10&btsid=0b86d81616032505551423621eed35&ws_ab_test=searchweb0_0,searchweb201602_,searchweb201603_#thf"
"https://www.aliexpress.com/item/4000283219082.html?algo_pvid=194ae2a0-fabf-49f6-8647-94faeeffc739&algo_expid=194ae2a0-fabf-49f6-8647-94faeeffc739-11&btsid=0b86d81616032505551423621eed35&ws_ab_test=searchweb0_0,searchweb201602_,searchweb201603_"
"https://www.aliexpress.com/item/4000283219082.html?algo_pvid=194ae2a0-fabf-49f6-8647-94faeeffc739&algo_expid=194ae2a0-fabf-49f6-8647-94faeeffc739-11&btsid=0b86d81616032505551423621eed35&ws_ab_test=searchweb0_0,searchweb201602_,searchweb201603_"
"https://www.aliexpress.com/item/4000283219082.html?algo_pvid=194ae2a0-fabf-49f6-8647-94faeeffc739&algo_expid=194ae2a0-fabf-49f6-8647-94faeeffc739-11&btsid=0b86d81616032505551423621eed35&ws_ab_test=searchweb0_0,searchweb201602_,searchweb201603_#feedback"
"https://www.aliexpress.com/item/4000283219082.html?algo_pvid=194ae2a0-fabf-49f6-8647-94faeeffc739&algo_expid=194ae2a0-fabf-49f6-8647-94faeeffc739-11&btsid=0b86d81616032505551423621eed35&ws_ab_test=searchweb0_0,searchweb201602_,searchweb201603_#thf"
"https://www.aliexpress.com/item/32842408240.html?algo_pvid=194ae2a0-fabf-49f6-8647-94faeeffc739&algo_expid=194ae2a0-fabf-49f6-8647-94faeeffc739-12&btsid=0b86d81616032505551423621eed35&ws_ab_test=searchweb0_0,searchweb201602_,searchweb201603_"
"https://www.aliexpress.com/item/32842408240.html?algo_pvid=194ae2a0-fabf-49f6-8647-94faeeffc739&algo_expid=194ae2a0-fabf-49f6-8647-94faeeffc739-12&btsid=0b86d81616032505551423621eed35&ws_ab_test=searchweb0_0,searchweb201602_,searchweb201603_"
"https://www.aliexpress.com/item/32842408240.html?algo_pvid=194ae2a0-fabf-49f6-8647-94faeeffc739&algo_expid=194ae2a0-fabf-49f6-8647-94faeeffc739-12&btsid=0b86d81616032505551423621eed35&ws_ab_test=searchweb0_0,searchweb201602_,searchweb201603_#feedback"
"https://www.aliexpress.com/item/32842408240.html?algo_pvid=194ae2a0-fabf-49f6-8647-94faeeffc739&algo_expid=194ae2a0-fabf-49f6-8647-94faeeffc739-12&btsid=0b86d81616032505551423621eed35&ws_ab_test=searchweb0_0,searchweb201602_,searchweb201603_#thf"
"https://www.aliexpress.com/item/4000184358302.html?algo_pvid=194ae2a0-fabf-49f6-8647-94faeeffc739&algo_expid=194ae2a0-fabf-49f6-8647-94faeeffc739-13&btsid=0b86d81616032505551423621eed35&ws_ab_test=searchweb0_0,searchweb201602_,searchweb201603_"
"https://www.aliexpress.com/item/4000184358302.html?algo_pvid=194ae2a0-fabf-49f6-8647-94faeeffc739&algo_expid=194ae2a0-fabf-49f6-8647-94faeeffc739-13&btsid=0b86d81616032505551423621eed35&ws_ab_test=searchweb0_0,searchweb201602_,searchweb201603_"
"https://www.aliexpress.com/item/4000184358302.html?algo_pvid=194ae2a0-fabf-49f6-8647-94faeeffc739&algo_expid=194ae2a0-fabf-49f6-8647-94faeeffc739-13&btsid=0b86d81616032505551423621eed35&ws_ab_test=searchweb0_0,searchweb201602_,searchweb201603_#feedback"
"https://www.aliexpress.com/item/4000184358302.html?algo_pvid=194ae2a0-fabf-49f6-8647-94faeeffc739&algo_expid=194ae2a0-fabf-49f6-8647-94faeeffc739-13&btsid=0b86d81616032505551423621eed35&ws_ab_test=searchweb0_0,searchweb201602_,searchweb201603_#thf"
"https://www.aliexpress.com/item/1005001604464935.html?algo_pvid=194ae2a0-fabf-49f6-8647-94faeeffc739&algo_expid=194ae2a0-fabf-49f6-8647-94faeeffc739-14&btsid=0b86d81616032505551423621eed35&ws_ab_test=searchweb0_0,searchweb201602_,searchweb201603_"
"https://www.aliexpress.com/item/1005001604464935.html?algo_pvid=194ae2a0-fabf-49f6-8647-94faeeffc739&algo_expid=194ae2a0-fabf-49f6-8647-94faeeffc739-14&btsid=0b86d81616032505551423621eed35&ws_ab_test=searchweb0_0,searchweb201602_,searchweb201603_"
"https://www.aliexpress.com/item/1005001604464935.html?algo_pvid=194ae2a0-fabf-49f6-8647-94faeeffc739&algo_expid=194ae2a0-fabf-49f6-8647-94faeeffc739-14&btsid=0b86d81616032505551423621eed35&ws_ab_test=searchweb0_0,searchweb201602_,searchweb201603_#thf"
"https://www.aliexpress.com/item/4000284614999.html?algo_pvid=194ae2a0-fabf-49f6-8647-94faeeffc739&algo_expid=194ae2a0-fabf-49f6-8647-94faeeffc739-15&btsid=0b86d81616032505551423621eed35&ws_ab_test=searchweb0_0,searchweb201602_,searchweb201603_"
"https://www.aliexpress.com/item/4000284614999.html?algo_pvid=194ae2a0-fabf-49f6-8647-94faeeffc739&algo_expid=194ae2a0-fabf-49f6-8647-94faeeffc739-15&btsid=0b86d81616032505551423621eed35&ws_ab_test=searchweb0_0,searchweb201602_,searchweb201603_"
"https://www.aliexpress.com/item/4000284614999.html?algo_pvid=194ae2a0-fabf-49f6-8647-94faeeffc739&algo_expid=194ae2a0-fabf-49f6-8647-94faeeffc739-15&btsid=0b86d81616032505551423621eed35&ws_ab_test=searchweb0_0,searchweb201602_,searchweb201603_#feedback"
"https://www.aliexpress.com/item/4000284614999.html?algo_pvid=194ae2a0-fabf-49f6-8647-94faeeffc739&algo_expid=194ae2a0-fabf-49f6-8647-94faeeffc739-15&btsid=0b86d81616032505551423621eed35&ws_ab_test=searchweb0_0,searchweb201602_,searchweb201603_#thf"
"https://www.aliexpress.com/item/4000808379222.html?algo_pvid=194ae2a0-fabf-49f6-8647-94faeeffc739&algo_expid=194ae2a0-fabf-49f6-8647-94faeeffc739-16&btsid=0b86d81616032505551423621eed35&ws_ab_test=searchweb0_0,searchweb201602_,searchweb201603_"
"https://www.aliexpress.com/item/4000808379222.html?algo_pvid=194ae2a0-fabf-49f6-8647-94faeeffc739&algo_expid=194ae2a0-fabf-49f6-8647-94faeeffc739-16&btsid=0b86d81616032505551423621eed35&ws_ab_test=searchweb0_0,searchweb201602_,searchweb201603_"
"https://www.aliexpress.com/item/4000808379222.html?algo_pvid=194ae2a0-fabf-49f6-8647-94faeeffc739&algo_expid=194ae2a0-fabf-49f6-8647-94faeeffc739-16&btsid=0b86d81616032505551423621eed35&ws_ab_test=searchweb0_0,searchweb201602_,searchweb201603_#feedback"
"https://www.aliexpress.com/item/4000808379222.html?algo_pvid=194ae2a0-fabf-49f6-8647-94faeeffc739&algo_expid=194ae2a0-fabf-49f6-8647-94faeeffc739-16&btsid=0b86d81616032505551423621eed35&ws_ab_test=searchweb0_0,searchweb201602_,searchweb201603_#thf"
"https://www.aliexpress.com/item/4000258577382.html?algo_pvid=194ae2a0-fabf-49f6-8647-94faeeffc739&algo_expid=194ae2a0-fabf-49f6-8647-94faeeffc739-17&btsid=0b86d81616032505551423621eed35&ws_ab_test=searchweb0_0,searchweb201602_,searchweb201603_"
"https://www.aliexpress.com/item/4000258577382.html?algo_pvid=194ae2a0-fabf-49f6-8647-94faeeffc739&algo_expid=194ae2a0-fabf-49f6-8647-94faeeffc739-17&btsid=0b86d81616032505551423621eed35&ws_ab_test=searchweb0_0,searchweb201602_,searchweb201603_"
"https://www.aliexpress.com/item/4000258577382.html?algo_pvid=194ae2a0-fabf-49f6-8647-94faeeffc739&algo_expid=194ae2a0-fabf-49f6-8647-94faeeffc739-17&btsid=0b86d81616032505551423621eed35&ws_ab_test=searchweb0_0,searchweb201602_,searchweb201603_#feedback"
"https://www.aliexpress.com/item/4000258577382.html?algo_pvid=194ae2a0-fabf-49f6-8647-94faeeffc739&algo_expid=194ae2a0-fabf-49f6-8647-94faeeffc739-17&btsid=0b86d81616032505551423621eed35&ws_ab_test=searchweb0_0,searchweb201602_,searchweb201603_#thf"
"https://www.aliexpress.com/item/4001351585063.html?algo_pvid=194ae2a0-fabf-49f6-8647-94faeeffc739&algo_expid=194ae2a0-fabf-49f6-8647-94faeeffc739-18&btsid=0b86d81616032505551423621eed35&ws_ab_test=searchweb0_0,searchweb201602_,searchweb201603_"
"https://www.aliexpress.com/item/4001351585063.html?algo_pvid=194ae2a0-fabf-49f6-8647-94faeeffc739&algo_expid=194ae2a0-fabf-49f6-8647-94faeeffc739-18&btsid=0b86d81616032505551423621eed35&ws_ab_test=searchweb0_0,searchweb201602_,searchweb201603_"
"https://www.aliexpress.com/item/4001351585063.html?algo_pvid=194ae2a0-fabf-49f6-8647-94faeeffc739&algo_expid=194ae2a0-fabf-49f6-8647-94faeeffc739-18&btsid=0b86d81616032505551423621eed35&ws_ab_test=searchweb0_0,searchweb201602_,searchweb201603_#feedback"
"https://www.aliexpress.com/item/4001351585063.html?algo_pvid=194ae2a0-fabf-49f6-8647-94faeeffc739&algo_expid=194ae2a0-fabf-49f6-8647-94faeeffc739-18&btsid=0b86d81616032505551423621eed35&ws_ab_test=searchweb0_0,searchweb201602_,searchweb201603_#thf"
"https://www.aliexpress.com/item/1005001452314927.html?algo_pvid=194ae2a0-fabf-49f6-8647-94faeeffc739&algo_expid=194ae2a0-fabf-49f6-8647-94faeeffc739-19&btsid=0b86d81616032505551423621eed35&ws_ab_test=searchweb0_0,searchweb201602_,searchweb201603_"
"https://www.aliexpress.com/item/1005001452314927.html?algo_pvid=194ae2a0-fabf-49f6-8647-94faeeffc739&algo_expid=194ae2a0-fabf-49f6-8647-94faeeffc739-19&btsid=0b86d81616032505551423621eed35&ws_ab_test=searchweb0_0,searchweb201602_,searchweb201603_"
"https://www.aliexpress.com/item/1005001452314927.html?algo_pvid=194ae2a0-fabf-49f6-8647-94faeeffc739&algo_expid=194ae2a0-fabf-49f6-8647-94faeeffc739-19&btsid=0b86d81616032505551423621eed35&ws_ab_test=searchweb0_0,searchweb201602_,searchweb201603_#feedback"
"https://www.aliexpress.com/item/1005001452314927.html?algo_pvid=194ae2a0-fabf-49f6-8647-94faeeffc739&algo_expid=194ae2a0-fabf-49f6-8647-94faeeffc739-19&btsid=0b86d81616032505551423621eed35&ws_ab_test=searchweb0_0,searchweb201602_,searchweb201603_#thf"
"https://www.aliexpress.com/item/4000238767026.html?algo_pvid=194ae2a0-fabf-49f6-8647-94faeeffc739&algo_expid=194ae2a0-fabf-49f6-8647-94faeeffc739-20&btsid=0b86d81616032505551423621eed35&ws_ab_test=searchweb0_0,searchweb201602_,searchweb201603_"
"https://www.aliexpress.com/item/4000238767026.html?algo_pvid=194ae2a0-fabf-49f6-8647-94faeeffc739&algo_expid=194ae2a0-fabf-49f6-8647-94faeeffc739-20&btsid=0b86d81616032505551423621eed35&ws_ab_test=searchweb0_0,searchweb201602_,searchweb201603_"
"https://www.aliexpress.com/item/4000238767026.html?algo_pvid=194ae2a0-fabf-49f6-8647-94faeeffc739&algo_expid=194ae2a0-fabf-49f6-8647-94faeeffc739-20&btsid=0b86d81616032505551423621eed35&ws_ab_test=searchweb0_0,searchweb201602_,searchweb201603_#feedback"
"https://www.aliexpress.com/item/4000238767026.html?algo_pvid=194ae2a0-fabf-49f6-8647-94faeeffc739&algo_expid=194ae2a0-fabf-49f6-8647-94faeeffc739-20&btsid=0b86d81616032505551423621eed35&ws_ab_test=searchweb0_0,searchweb201602_,searchweb201603_#thf"
"https://www.aliexpress.com/item/1005001490605936.html?algo_pvid=194ae2a0-fabf-49f6-8647-94faeeffc739&algo_expid=194ae2a0-fabf-49f6-8647-94faeeffc739-21&btsid=0b86d81616032505551423621eed35&ws_ab_test=searchweb0_0,searchweb201602_,searchweb201603_"
"https://www.aliexpress.com/item/1005001490605936.html?algo_pvid=194ae2a0-fabf-49f6-8647-94faeeffc739&algo_expid=194ae2a0-fabf-49f6-8647-94faeeffc739-21&btsid=0b86d81616032505551423621eed35&ws_ab_test=searchweb0_0,searchweb201602_,searchweb201603_"
"https://www.aliexpress.com/item/1005001490605936.html?algo_pvid=194ae2a0-fabf-49f6-8647-94faeeffc739&algo_expid=194ae2a0-fabf-49f6-8647-94faeeffc739-21&btsid=0b86d81616032505551423621eed35&ws_ab_test=searchweb0_0,searchweb201602_,searchweb201603_#feedback"
"https://www.aliexpress.com/item/1005001490605936.html?algo_pvid=194ae2a0-fabf-49f6-8647-94faeeffc739&algo_expid=194ae2a0-fabf-49f6-8647-94faeeffc739-21&btsid=0b86d81616032505551423621eed35&ws_ab_test=searchweb0_0,searchweb201602_,searchweb201603_#thf"
"https://www.aliexpress.com/item/4000052175227.html?algo_pvid=194ae2a0-fabf-49f6-8647-94faeeffc739&algo_expid=194ae2a0-fabf-49f6-8647-94faeeffc739-22&btsid=0b86d81616032505551423621eed35&ws_ab_test=searchweb0_0,searchweb201602_,searchweb201603_"
"https://www.aliexpress.com/item/4000052175227.html?algo_pvid=194ae2a0-fabf-49f6-8647-94faeeffc739&algo_expid=194ae2a0-fabf-49f6-8647-94faeeffc739-22&btsid=0b86d81616032505551423621eed35&ws_ab_test=searchweb0_0,searchweb201602_,searchweb201603_"
"https://www.aliexpress.com/item/4000052175227.html?algo_pvid=194ae2a0-fabf-49f6-8647-94faeeffc739&algo_expid=194ae2a0-fabf-49f6-8647-94faeeffc739-22&btsid=0b86d81616032505551423621eed35&ws_ab_test=searchweb0_0,searchweb201602_,searchweb201603_#feedback"
"https://www.aliexpress.com/item/4000052175227.html?algo_pvid=194ae2a0-fabf-49f6-8647-94faeeffc739&algo_expid=194ae2a0-fabf-49f6-8647-94faeeffc739-22&btsid=0b86d81616032505551423621eed35&ws_ab_test=searchweb0_0,searchweb201602_,searchweb201603_#thf"
"https://www.aliexpress.com/item/4000305243543.html?algo_pvid=194ae2a0-fabf-49f6-8647-94faeeffc739&algo_expid=194ae2a0-fabf-49f6-8647-94faeeffc739-23&btsid=0b86d81616032505551423621eed35&ws_ab_test=searchweb0_0,searchweb201602_,searchweb201603_"
"https://www.aliexpress.com/item/4000305243543.html?algo_pvid=194ae2a0-fabf-49f6-8647-94faeeffc739&algo_expid=194ae2a0-fabf-49f6-8647-94faeeffc739-23&btsid=0b86d81616032505551423621eed35&ws_ab_test=searchweb0_0,searchweb201602_,searchweb201603_"
"https://www.aliexpress.com/item/4000305243543.html?algo_pvid=194ae2a0-fabf-49f6-8647-94faeeffc739&algo_expid=194ae2a0-fabf-49f6-8647-94faeeffc739-23&btsid=0b86d81616032505551423621eed35&ws_ab_test=searchweb0_0,searchweb201602_,searchweb201603_#feedback"
"https://www.aliexpress.com/item/4000305243543.html?algo_pvid=194ae2a0-fabf-49f6-8647-94faeeffc739&algo_expid=194ae2a0-fabf-49f6-8647-94faeeffc739-23&btsid=0b86d81616032505551423621eed35&ws_ab_test=searchweb0_0,searchweb201602_,searchweb201603_#thf"
"https://www.aliexpress.com/item/1005001462301972.html?algo_pvid=194ae2a0-fabf-49f6-8647-94faeeffc739&algo_expid=194ae2a0-fabf-49f6-8647-94faeeffc739-24&btsid=0b86d81616032505551423621eed35&ws_ab_test=searchweb0_0,searchweb201602_,searchweb201603_"
"https://www.aliexpress.com/item/1005001462301972.html?algo_pvid=194ae2a0-fabf-49f6-8647-94faeeffc739&algo_expid=194ae2a0-fabf-49f6-8647-94faeeffc739-24&btsid=0b86d81616032505551423621eed35&ws_ab_test=searchweb0_0,searchweb201602_,searchweb201603_"
"https://www.aliexpress.com/item/1005001462301972.html?algo_pvid=194ae2a0-fabf-49f6-8647-94faeeffc739&algo_expid=194ae2a0-fabf-49f6-8647-94faeeffc739-24&btsid=0b86d81616032505551423621eed35&ws_ab_test=searchweb0_0,searchweb201602_,searchweb201603_#feedback"
"https://www.aliexpress.com/item/1005001462301972.html?algo_pvid=194ae2a0-fabf-49f6-8647-94faeeffc739&algo_expid=194ae2a0-fabf-49f6-8647-94faeeffc739-24&btsid=0b86d81616032505551423621eed35&ws_ab_test=searchweb0_0,searchweb201602_,searchweb201603_#thf"
"https://www.aliexpress.com/item/1005001547084467.html?algo_pvid=194ae2a0-fabf-49f6-8647-94faeeffc739&algo_expid=194ae2a0-fabf-49f6-8647-94faeeffc739-25&btsid=0b86d81616032505551423621eed35&ws_ab_test=searchweb0_0,searchweb201602_,searchweb201603_"
"https://www.aliexpress.com/item/1005001547084467.html?algo_pvid=194ae2a0-fabf-49f6-8647-94faeeffc739&algo_expid=194ae2a0-fabf-49f6-8647-94faeeffc739-25&btsid=0b86d81616032505551423621eed35&ws_ab_test=searchweb0_0,searchweb201602_,searchweb201603_"
"https://www.aliexpress.com/item/1005001547084467.html?algo_pvid=194ae2a0-fabf-49f6-8647-94faeeffc739&algo_expid=194ae2a0-fabf-49f6-8647-94faeeffc739-25&btsid=0b86d81616032505551423621eed35&ws_ab_test=searchweb0_0,searchweb201602_,searchweb201603_#thf"
"https://www.aliexpress.com/item/4000207115532.html?algo_pvid=194ae2a0-fabf-49f6-8647-94faeeffc739&algo_expid=194ae2a0-fabf-49f6-8647-94faeeffc739-26&btsid=0b86d81616032505551423621eed35&ws_ab_test=searchweb0_0,searchweb201602_,searchweb201603_"
"https://www.aliexpress.com/item/4000207115532.html?algo_pvid=194ae2a0-fabf-49f6-8647-94faeeffc739&algo_expid=194ae2a0-fabf-49f6-8647-94faeeffc739-26&btsid=0b86d81616032505551423621eed35&ws_ab_test=searchweb0_0,searchweb201602_,searchweb201603_"
"https://www.aliexpress.com/item/4000207115532.html?algo_pvid=194ae2a0-fabf-49f6-8647-94faeeffc739&algo_expid=194ae2a0-fabf-49f6-8647-94faeeffc739-26&btsid=0b86d81616032505551423621eed35&ws_ab_test=searchweb0_0,searchweb201602_,searchweb201603_#feedback"
"https://www.aliexpress.com/item/4000207115532.html?algo_pvid=194ae2a0-fabf-49f6-8647-94faeeffc739&algo_expid=194ae2a0-fabf-49f6-8647-94faeeffc739-26&btsid=0b86d81616032505551423621eed35&ws_ab_test=searchweb0_0,searchweb201602_,searchweb201603_#thf"
"https://www.aliexpress.com/item/33031484658.html?algo_pvid=194ae2a0-fabf-49f6-8647-94faeeffc739&algo_expid=194ae2a0-fabf-49f6-8647-94faeeffc739-27&btsid=0b86d81616032505551423621eed35&ws_ab_test=searchweb0_0,searchweb201602_,searchweb201603_"
"https://www.aliexpress.com/item/33031484658.html?algo_pvid=194ae2a0-fabf-49f6-8647-94faeeffc739&algo_expid=194ae2a0-fabf-49f6-8647-94faeeffc739-27&btsid=0b86d81616032505551423621eed35&ws_ab_test=searchweb0_0,searchweb201602_,searchweb201603_"
"https://www.aliexpress.com/item/33031484658.html?algo_pvid=194ae2a0-fabf-49f6-8647-94faeeffc739&algo_expid=194ae2a0-fabf-49f6-8647-94faeeffc739-27&btsid=0b86d81616032505551423621eed35&ws_ab_test=searchweb0_0,searchweb201602_,searchweb201603_#feedback"
"https://www.aliexpress.com/item/33031484658.html?algo_pvid=194ae2a0-fabf-49f6-8647-94faeeffc739&algo_expid=194ae2a0-fabf-49f6-8647-94faeeffc739-27&btsid=0b86d81616032505551423621eed35&ws_ab_test=searchweb0_0,searchweb201602_,searchweb201603_#thf"
"https://www.aliexpress.com/item/4000294133609.html?algo_pvid=194ae2a0-fabf-49f6-8647-94faeeffc739&algo_expid=194ae2a0-fabf-49f6-8647-94faeeffc739-28&btsid=0b86d81616032505551423621eed35&ws_ab_test=searchweb0_0,searchweb201602_,searchweb201603_"
"https://www.aliexpress.com/item/4000294133609.html?algo_pvid=194ae2a0-fabf-49f6-8647-94faeeffc739&algo_expid=194ae2a0-fabf-49f6-8647-94faeeffc739-28&btsid=0b86d81616032505551423621eed35&ws_ab_test=searchweb0_0,searchweb201602_,searchweb201603_"
"https://www.aliexpress.com/item/4000294133609.html?algo_pvid=194ae2a0-fabf-49f6-8647-94faeeffc739&algo_expid=194ae2a0-fabf-49f6-8647-94faeeffc739-28&btsid=0b86d81616032505551423621eed35&ws_ab_test=searchweb0_0,searchweb201602_,searchweb201603_#feedback"
"https://www.aliexpress.com/item/4000294133609.html?algo_pvid=194ae2a0-fabf-49f6-8647-94faeeffc739&algo_expid=194ae2a0-fabf-49f6-8647-94faeeffc739-28&btsid=0b86d81616032505551423621eed35&ws_ab_test=searchweb0_0,searchweb201602_,searchweb201603_#thf"
"https://www.aliexpress.com/item/4000467782873.html?algo_pvid=194ae2a0-fabf-49f6-8647-94faeeffc739&algo_expid=194ae2a0-fabf-49f6-8647-94faeeffc739-29&btsid=0b86d81616032505551423621eed35&ws_ab_test=searchweb0_0,searchweb201602_,searchweb201603_"
"https://www.aliexpress.com/item/4000467782873.html?algo_pvid=194ae2a0-fabf-49f6-8647-94faeeffc739&algo_expid=194ae2a0-fabf-49f6-8647-94faeeffc739-29&btsid=0b86d81616032505551423621eed35&ws_ab_test=searchweb0_0,searchweb201602_,searchweb201603_"
"https://www.aliexpress.com/item/4000467782873.html?algo_pvid=194ae2a0-fabf-49f6-8647-94faeeffc739&algo_expid=194ae2a0-fabf-49f6-8647-94faeeffc739-29&btsid=0b86d81616032505551423621eed35&ws_ab_test=searchweb0_0,searchweb201602_,searchweb201603_#feedback"
"https://www.aliexpress.com/item/4000467782873.html?algo_pvid=194ae2a0-fabf-49f6-8647-94faeeffc739&algo_expid=194ae2a0-fabf-49f6-8647-94faeeffc739-29&btsid=0b86d81616032505551423621eed35&ws_ab_test=searchweb0_0,searchweb201602_,searchweb201603_#thf"
"https://www.aliexpress.com/item/32843222952.html?algo_pvid=194ae2a0-fabf-49f6-8647-94faeeffc739&algo_expid=194ae2a0-fabf-49f6-8647-94faeeffc739-30&btsid=0b86d81616032505551423621eed35&ws_ab_test=searchweb0_0,searchweb201602_,searchweb201603_"
"https://www.aliexpress.com/item/32843222952.html?algo_pvid=194ae2a0-fabf-49f6-8647-94faeeffc739&algo_expid=194ae2a0-fabf-49f6-8647-94faeeffc739-30&btsid=0b86d81616032505551423621eed35&ws_ab_test=searchweb0_0,searchweb201602_,searchweb201603_"
"https://www.aliexpress.com/item/32843222952.html?algo_pvid=194ae2a0-fabf-49f6-8647-94faeeffc739&algo_expid=194ae2a0-fabf-49f6-8647-94faeeffc739-30&btsid=0b86d81616032505551423621eed35&ws_ab_test=searchweb0_0,searchweb201602_,searchweb201603_#feedback"
"https://www.aliexpress.com/item/32843222952.html?algo_pvid=194ae2a0-fabf-49f6-8647-94faeeffc739&algo_expid=194ae2a0-fabf-49f6-8647-94faeeffc739-30&btsid=0b86d81616032505551423621eed35&ws_ab_test=searchweb0_0,searchweb201602_,searchweb201603_#thf"
"https://www.aliexpress.com/item/4001306402566.html?algo_pvid=194ae2a0-fabf-49f6-8647-94faeeffc739&algo_expid=194ae2a0-fabf-49f6-8647-94faeeffc739-31&btsid=0b86d81616032505551423621eed35&ws_ab_test=searchweb0_0,searchweb201602_,searchweb201603_"
"https://www.aliexpress.com/item/4001306402566.html?algo_pvid=194ae2a0-fabf-49f6-8647-94faeeffc739&algo_expid=194ae2a0-fabf-49f6-8647-94faeeffc739-31&btsid=0b86d81616032505551423621eed35&ws_ab_test=searchweb0_0,searchweb201602_,searchweb201603_"
"https://www.aliexpress.com/item/4001306402566.html?algo_pvid=194ae2a0-fabf-49f6-8647-94faeeffc739&algo_expid=194ae2a0-fabf-49f6-8647-94faeeffc739-31&btsid=0b86d81616032505551423621eed35&ws_ab_test=searchweb0_0,searchweb201602_,searchweb201603_#thf"
"https://www.aliexpress.com/item/4000256576054.html?algo_pvid=194ae2a0-fabf-49f6-8647-94faeeffc739&algo_expid=194ae2a0-fabf-49f6-8647-94faeeffc739-32&btsid=0b86d81616032505551423621eed35&ws_ab_test=searchweb0_0,searchweb201602_,searchweb201603_"
"https://www.aliexpress.com/item/4000256576054.html?algo_pvid=194ae2a0-fabf-49f6-8647-94faeeffc739&algo_expid=194ae2a0-fabf-49f6-8647-94faeeffc739-32&btsid=0b86d81616032505551423621eed35&ws_ab_test=searchweb0_0,searchweb201602_,searchweb201603_"
"https://www.aliexpress.com/item/4000256576054.html?algo_pvid=194ae2a0-fabf-49f6-8647-94faeeffc739&algo_expid=194ae2a0-fabf-49f6-8647-94faeeffc739-32&btsid=0b86d81616032505551423621eed35&ws_ab_test=searchweb0_0,searchweb201602_,searchweb201603_#feedback"
"https://www.aliexpress.com/item/4000256576054.html?algo_pvid=194ae2a0-fabf-49f6-8647-94faeeffc739&algo_expid=194ae2a0-fabf-49f6-8647-94faeeffc739-32&btsid=0b86d81616032505551423621eed35&ws_ab_test=searchweb0_0,searchweb201602_,searchweb201603_#thf"
"https://www.aliexpress.com/item/4001226283734.html?algo_pvid=194ae2a0-fabf-49f6-8647-94faeeffc739&algo_expid=194ae2a0-fabf-49f6-8647-94faeeffc739-33&btsid=0b86d81616032505551423621eed35&ws_ab_test=searchweb0_0,searchweb201602_,searchweb201603_"
"https://www.aliexpress.com/item/4001226283734.html?algo_pvid=194ae2a0-fabf-49f6-8647-94faeeffc739&algo_expid=194ae2a0-fabf-49f6-8647-94faeeffc739-33&btsid=0b86d81616032505551423621eed35&ws_ab_test=searchweb0_0,searchweb201602_,searchweb201603_"
"https://www.aliexpress.com/item/4001226283734.html?algo_pvid=194ae2a0-fabf-49f6-8647-94faeeffc739&algo_expid=194ae2a0-fabf-49f6-8647-94faeeffc739-33&btsid=0b86d81616032505551423621eed35&ws_ab_test=searchweb0_0,searchweb201602_,searchweb201603_#thf"
"https://www.aliexpress.com/item/4000289344796.html?algo_pvid=194ae2a0-fabf-49f6-8647-94faeeffc739&algo_expid=194ae2a0-fabf-49f6-8647-94faeeffc739-34&btsid=0b86d81616032505551423621eed35&ws_ab_test=searchweb0_0,searchweb201602_,searchweb201603_"
"https://www.aliexpress.com/item/4000289344796.html?algo_pvid=194ae2a0-fabf-49f6-8647-94faeeffc739&algo_expid=194ae2a0-fabf-49f6-8647-94faeeffc739-34&btsid=0b86d81616032505551423621eed35&ws_ab_test=searchweb0_0,searchweb201602_,searchweb201603_"
"https://www.aliexpress.com/item/4000289344796.html?algo_pvid=194ae2a0-fabf-49f6-8647-94faeeffc739&algo_expid=194ae2a0-fabf-49f6-8647-94faeeffc739-34&btsid=0b86d81616032505551423621eed35&ws_ab_test=searchweb0_0,searchweb201602_,searchweb201603_#thf"
"https://www.aliexpress.com/item/4000479737926.html?algo_pvid=194ae2a0-fabf-49f6-8647-94faeeffc739&algo_expid=194ae2a0-fabf-49f6-8647-94faeeffc739-35&btsid=0b86d81616032505551423621eed35&ws_ab_test=searchweb0_0,searchweb201602_,searchweb201603_"
"https://www.aliexpress.com/item/4000479737926.html?algo_pvid=194ae2a0-fabf-49f6-8647-94faeeffc739&algo_expid=194ae2a0-fabf-49f6-8647-94faeeffc739-35&btsid=0b86d81616032505551423621eed35&ws_ab_test=searchweb0_0,searchweb201602_,searchweb201603_"
"https://www.aliexpress.com/item/4000479737926.html?algo_pvid=194ae2a0-fabf-49f6-8647-94faeeffc739&algo_expid=194ae2a0-fabf-49f6-8647-94faeeffc739-35&btsid=0b86d81616032505551423621eed35&ws_ab_test=searchweb0_0,searchweb201602_,searchweb201603_#feedback"
"https://www.aliexpress.com/item/4000479737926.html?algo_pvid=194ae2a0-fabf-49f6-8647-94faeeffc739&algo_expid=194ae2a0-fabf-49f6-8647-94faeeffc739-35&btsid=0b86d81616032505551423621eed35&ws_ab_test=searchweb0_0,searchweb201602_,searchweb201603_#thf"
"https://www.aliexpress.com/item/4001310483730.html?algo_pvid=194ae2a0-fabf-49f6-8647-94faeeffc739&algo_expid=194ae2a0-fabf-49f6-8647-94faeeffc739-36&btsid=0b86d81616032505551423621eed35&ws_ab_test=searchweb0_0,searchweb201602_,searchweb201603_"
"https://www.aliexpress.com/item/4001310483730.html?algo_pvid=194ae2a0-fabf-49f6-8647-94faeeffc739&algo_expid=194ae2a0-fabf-49f6-8647-94faeeffc739-36&btsid=0b86d81616032505551423621eed35&ws_ab_test=searchweb0_0,searchweb201602_,searchweb201603_"
"https://www.aliexpress.com/item/4001310483730.html?algo_pvid=194ae2a0-fabf-49f6-8647-94faeeffc739&algo_expid=194ae2a0-fabf-49f6-8647-94faeeffc739-36&btsid=0b86d81616032505551423621eed35&ws_ab_test=searchweb0_0,searchweb201602_,searchweb201603_#feedback"
"https://www.aliexpress.com/item/4001310483730.html?algo_pvid=194ae2a0-fabf-49f6-8647-94faeeffc739&algo_expid=194ae2a0-fabf-49f6-8647-94faeeffc739-36&btsid=0b86d81616032505551423621eed35&ws_ab_test=searchweb0_0,searchweb201602_,searchweb201603_#thf"
"https://www.aliexpress.com/item/4000762071444.html?algo_pvid=194ae2a0-fabf-49f6-8647-94faeeffc739&algo_expid=194ae2a0-fabf-49f6-8647-94faeeffc739-37&btsid=0b86d81616032505551423621eed35&ws_ab_test=searchweb0_0,searchweb201602_,searchweb201603_"
"https://www.aliexpress.com/item/4000762071444.html?algo_pvid=194ae2a0-fabf-49f6-8647-94faeeffc739&algo_expid=194ae2a0-fabf-49f6-8647-94faeeffc739-37&btsid=0b86d81616032505551423621eed35&ws_ab_test=searchweb0_0,searchweb201602_,searchweb201603_"
"https://www.aliexpress.com/item/4000762071444.html?algo_pvid=194ae2a0-fabf-49f6-8647-94faeeffc739&algo_expid=194ae2a0-fabf-49f6-8647-94faeeffc739-37&btsid=0b86d81616032505551423621eed35&ws_ab_test=searchweb0_0,searchweb201602_,searchweb201603_#feedback"
"https://www.aliexpress.com/item/4000762071444.html?algo_pvid=194ae2a0-fabf-49f6-8647-94faeeffc739&algo_expid=194ae2a0-fabf-49f6-8647-94faeeffc739-37&btsid=0b86d81616032505551423621eed35&ws_ab_test=searchweb0_0,searchweb201602_,searchweb201603_#thf"
"https://www.aliexpress.com/item/4000723236581.html?algo_pvid=194ae2a0-fabf-49f6-8647-94faeeffc739&algo_expid=194ae2a0-fabf-49f6-8647-94faeeffc739-38&btsid=0b86d81616032505551423621eed35&ws_ab_test=searchweb0_0,searchweb201602_,searchweb201603_"
"https://www.aliexpress.com/item/4000723236581.html?algo_pvid=194ae2a0-fabf-49f6-8647-94faeeffc739&algo_expid=194ae2a0-fabf-49f6-8647-94faeeffc739-38&btsid=0b86d81616032505551423621eed35&ws_ab_test=searchweb0_0,searchweb201602_,searchweb201603_"
"https://www.aliexpress.com/item/4000723236581.html?algo_pvid=194ae2a0-fabf-49f6-8647-94faeeffc739&algo_expid=194ae2a0-fabf-49f6-8647-94faeeffc739-38&btsid=0b86d81616032505551423621eed35&ws_ab_test=searchweb0_0,searchweb201602_,searchweb201603_#feedback"
"https://www.aliexpress.com/item/4000723236581.html?algo_pvid=194ae2a0-fabf-49f6-8647-94faeeffc739&algo_expid=194ae2a0-fabf-49f6-8647-94faeeffc739-38&btsid=0b86d81616032505551423621eed35&ws_ab_test=searchweb0_0,searchweb201602_,searchweb201603_#thf"
"https://www.aliexpress.com/item/4001255866407.html?algo_pvid=194ae2a0-fabf-49f6-8647-94faeeffc739&algo_expid=194ae2a0-fabf-49f6-8647-94faeeffc739-39&btsid=0b86d81616032505551423621eed35&ws_ab_test=searchweb0_0,searchweb201602_,searchweb201603_"
"https://www.aliexpress.com/item/4001255866407.html?algo_pvid=194ae2a0-fabf-49f6-8647-94faeeffc739&algo_expid=194ae2a0-fabf-49f6-8647-94faeeffc739-39&btsid=0b86d81616032505551423621eed35&ws_ab_test=searchweb0_0,searchweb201602_,searchweb201603_"
"https://www.aliexpress.com/item/4001255866407.html?algo_pvid=194ae2a0-fabf-49f6-8647-94faeeffc739&algo_expid=194ae2a0-fabf-49f6-8647-94faeeffc739-39&btsid=0b86d81616032505551423621eed35&ws_ab_test=searchweb0_0,searchweb201602_,searchweb201603_#feedback"
"https://www.aliexpress.com/item/4001255866407.html?algo_pvid=194ae2a0-fabf-49f6-8647-94faeeffc739&algo_expid=194ae2a0-fabf-49f6-8647-94faeeffc739-39&btsid=0b86d81616032505551423621eed35&ws_ab_test=searchweb0_0,searchweb201602_,searchweb201603_#thf"
"https://www.aliexpress.com/item/4000687178035.html?algo_pvid=194ae2a0-fabf-49f6-8647-94faeeffc739&algo_expid=194ae2a0-fabf-49f6-8647-94faeeffc739-40&btsid=0b86d81616032505551423621eed35&ws_ab_test=searchweb0_0,searchweb201602_,searchweb201603_"
"https://www.aliexpress.com/item/4000687178035.html?algo_pvid=194ae2a0-fabf-49f6-8647-94faeeffc739&algo_expid=194ae2a0-fabf-49f6-8647-94faeeffc739-40&btsid=0b86d81616032505551423621eed35&ws_ab_test=searchweb0_0,searchweb201602_,searchweb201603_"
"https://www.aliexpress.com/item/4000687178035.html?algo_pvid=194ae2a0-fabf-49f6-8647-94faeeffc739&algo_expid=194ae2a0-fabf-49f6-8647-94faeeffc739-40&btsid=0b86d81616032505551423621eed35&ws_ab_test=searchweb0_0,searchweb201602_,searchweb201603_#feedback"
"https://www.aliexpress.com/item/4000687178035.html?algo_pvid=194ae2a0-fabf-49f6-8647-94faeeffc739&algo_expid=194ae2a0-fabf-49f6-8647-94faeeffc739-40&btsid=0b86d81616032505551423621eed35&ws_ab_test=searchweb0_0,searchweb201602_,searchweb201603_#thf"
"https://www.aliexpress.com/item/32905816682.html?algo_pvid=194ae2a0-fabf-49f6-8647-94faeeffc739&algo_expid=194ae2a0-fabf-49f6-8647-94faeeffc739-41&btsid=0b86d81616032505551423621eed35&ws_ab_test=searchweb0_0,searchweb201602_,searchweb201603_"
"https://www.aliexpress.com/item/32905816682.html?algo_pvid=194ae2a0-fabf-49f6-8647-94faeeffc739&algo_expid=194ae2a0-fabf-49f6-8647-94faeeffc739-41&btsid=0b86d81616032505551423621eed35&ws_ab_test=searchweb0_0,searchweb201602_,searchweb201603_"
"https://www.aliexpress.com/item/32905816682.html?algo_pvid=194ae2a0-fabf-49f6-8647-94faeeffc739&algo_expid=194ae2a0-fabf-49f6-8647-94faeeffc739-41&btsid=0b86d81616032505551423621eed35&ws_ab_test=searchweb0_0,searchweb201602_,searchweb201603_#feedback"
"https://www.aliexpress.com/item/32905816682.html?algo_pvid=194ae2a0-fabf-49f6-8647-94faeeffc739&algo_expid=194ae2a0-fabf-49f6-8647-94faeeffc739-41&btsid=0b86d81616032505551423621eed35&ws_ab_test=searchweb0_0,searchweb201602_,searchweb201603_#thf"
"https://www.aliexpress.com/item/1005001448607426.html?algo_pvid=194ae2a0-fabf-49f6-8647-94faeeffc739&algo_expid=194ae2a0-fabf-49f6-8647-94faeeffc739-42&btsid=0b86d81616032505551423621eed35&ws_ab_test=searchweb0_0,searchweb201602_,searchweb201603_"
"https://www.aliexpress.com/item/1005001448607426.html?algo_pvid=194ae2a0-fabf-49f6-8647-94faeeffc739&algo_expid=194ae2a0-fabf-49f6-8647-94faeeffc739-42&btsid=0b86d81616032505551423621eed35&ws_ab_test=searchweb0_0,searchweb201602_,searchweb201603_"
"https://www.aliexpress.com/item/1005001448607426.html?algo_pvid=194ae2a0-fabf-49f6-8647-94faeeffc739&algo_expid=194ae2a0-fabf-49f6-8647-94faeeffc739-42&btsid=0b86d81616032505551423621eed35&ws_ab_test=searchweb0_0,searchweb201602_,searchweb201603_#thf"
"https://www.aliexpress.com/item/4000974566346.html?algo_pvid=194ae2a0-fabf-49f6-8647-94faeeffc739&algo_expid=194ae2a0-fabf-49f6-8647-94faeeffc739-43&btsid=0b86d81616032505551423621eed35&ws_ab_test=searchweb0_0,searchweb201602_,searchweb201603_"
"https://www.aliexpress.com/item/4000974566346.html?algo_pvid=194ae2a0-fabf-49f6-8647-94faeeffc739&algo_expid=194ae2a0-fabf-49f6-8647-94faeeffc739-43&btsid=0b86d81616032505551423621eed35&ws_ab_test=searchweb0_0,searchweb201602_,searchweb201603_"
"https://www.aliexpress.com/item/4000974566346.html?algo_pvid=194ae2a0-fabf-49f6-8647-94faeeffc739&algo_expid=194ae2a0-fabf-49f6-8647-94faeeffc739-43&btsid=0b86d81616032505551423621eed35&ws_ab_test=searchweb0_0,searchweb201602_,searchweb201603_#feedback"
"https://www.aliexpress.com/item/4000974566346.html?algo_pvid=194ae2a0-fabf-49f6-8647-94faeeffc739&algo_expid=194ae2a0-fabf-49f6-8647-94faeeffc739-43&btsid=0b86d81616032505551423621eed35&ws_ab_test=searchweb0_0,searchweb201602_,searchweb201603_#thf"
"https://www.aliexpress.com/item/1005001379823990.html?algo_pvid=194ae2a0-fabf-49f6-8647-94faeeffc739&algo_expid=194ae2a0-fabf-49f6-8647-94faeeffc739-44&btsid=0b86d81616032505551423621eed35&ws_ab_test=searchweb0_0,searchweb201602_,searchweb201603_"
"https://www.aliexpress.com/item/1005001379823990.html?algo_pvid=194ae2a0-fabf-49f6-8647-94faeeffc739&algo_expid=194ae2a0-fabf-49f6-8647-94faeeffc739-44&btsid=0b86d81616032505551423621eed35&ws_ab_test=searchweb0_0,searchweb201602_,searchweb201603_"
"https://www.aliexpress.com/item/1005001322455211.html?algo_pvid=194ae2a0-fabf-49f6-8647-94faeeffc739&algo_expid=194ae2a0-fabf-49f6-8647-94faeeffc739-45&btsid=0b86d81616032505551423621eed35&ws_ab_test=searchweb0_0,searchweb201602_,searchweb201603_"
"https://www.aliexpress.com/item/1005001322455211.html?algo_pvid=194ae2a0-fabf-49f6-8647-94faeeffc739&algo_expid=194ae2a0-fabf-49f6-8647-94faeeffc739-45&btsid=0b86d81616032505551423621eed35&ws_ab_test=searchweb0_0,searchweb201602_,searchweb201603_"
"https://www.aliexpress.com/item/1005001322455211.html?algo_pvid=194ae2a0-fabf-49f6-8647-94faeeffc739&algo_expid=194ae2a0-fabf-49f6-8647-94faeeffc739-45&btsid=0b86d81616032505551423621eed35&ws_ab_test=searchweb0_0,searchweb201602_,searchweb201603_#feedback"
"https://www.aliexpress.com/item/1005001322455211.html?algo_pvid=194ae2a0-fabf-49f6-8647-94faeeffc739&algo_expid=194ae2a0-fabf-49f6-8647-94faeeffc739-45&btsid=0b86d81616032505551423621eed35&ws_ab_test=searchweb0_0,searchweb201602_,searchweb201603_#thf"
"https://www.aliexpress.com/item/4001204503382.html?algo_pvid=194ae2a0-fabf-49f6-8647-94faeeffc739&algo_expid=194ae2a0-fabf-49f6-8647-94faeeffc739-46&btsid=0b86d81616032505551423621eed35&ws_ab_test=searchweb0_0,searchweb201602_,searchweb201603_"
"https://www.aliexpress.com/item/4001204503382.html?algo_pvid=194ae2a0-fabf-49f6-8647-94faeeffc739&algo_expid=194ae2a0-fabf-49f6-8647-94faeeffc739-46&btsid=0b86d81616032505551423621eed35&ws_ab_test=searchweb0_0,searchweb201602_,searchweb201603_"
"https://www.aliexpress.com/item/4001204503382.html?algo_pvid=194ae2a0-fabf-49f6-8647-94faeeffc739&algo_expid=194ae2a0-fabf-49f6-8647-94faeeffc739-46&btsid=0b86d81616032505551423621eed35&ws_ab_test=searchweb0_0,searchweb201602_,searchweb201603_#feedback"
"https://www.aliexpress.com/item/4001204503382.html?algo_pvid=194ae2a0-fabf-49f6-8647-94faeeffc739&algo_expid=194ae2a0-fabf-49f6-8647-94faeeffc739-46&btsid=0b86d81616032505551423621eed35&ws_ab_test=searchweb0_0,searchweb201602_,searchweb201603_#thf"
"https://www.aliexpress.com/item/1005001452693866.html?algo_pvid=194ae2a0-fabf-49f6-8647-94faeeffc739&algo_expid=194ae2a0-fabf-49f6-8647-94faeeffc739-47&btsid=0b86d81616032505551423621eed35&ws_ab_test=searchweb0_0,searchweb201602_,searchweb201603_"
"https://www.aliexpress.com/item/1005001452693866.html?algo_pvid=194ae2a0-fabf-49f6-8647-94faeeffc739&algo_expid=194ae2a0-fabf-49f6-8647-94faeeffc739-47&btsid=0b86d81616032505551423621eed35&ws_ab_test=searchweb0_0,searchweb201602_,searchweb201603_"
"https://www.aliexpress.com/item/1005001452693866.html?algo_pvid=194ae2a0-fabf-49f6-8647-94faeeffc739&algo_expid=194ae2a0-fabf-49f6-8647-94faeeffc739-47&btsid=0b86d81616032505551423621eed35&ws_ab_test=searchweb0_0,searchweb201602_,searchweb201603_#thf"
"https://www.aliexpress.com/item/4000276889766.html?algo_pvid=194ae2a0-fabf-49f6-8647-94faeeffc739&algo_expid=194ae2a0-fabf-49f6-8647-94faeeffc739-48&btsid=0b86d81616032505551423621eed35&ws_ab_test=searchweb0_0,searchweb201602_,searchweb201603_"
"https://www.aliexpress.com/item/4000276889766.html?algo_pvid=194ae2a0-fabf-49f6-8647-94faeeffc739&algo_expid=194ae2a0-fabf-49f6-8647-94faeeffc739-48&btsid=0b86d81616032505551423621eed35&ws_ab_test=searchweb0_0,searchweb201602_,searchweb201603_"
"https://www.aliexpress.com/item/4000276889766.html?algo_pvid=194ae2a0-fabf-49f6-8647-94faeeffc739&algo_expid=194ae2a0-fabf-49f6-8647-94faeeffc739-48&btsid=0b86d81616032505551423621eed35&ws_ab_test=searchweb0_0,searchweb201602_,searchweb201603_#feedback"
"https://www.aliexpress.com/item/4000276889766.html?algo_pvid=194ae2a0-fabf-49f6-8647-94faeeffc739&algo_expid=194ae2a0-fabf-49f6-8647-94faeeffc739-48&btsid=0b86d81616032505551423621eed35&ws_ab_test=searchweb0_0,searchweb201602_,searchweb201603_#thf"
"https://www.aliexpress.com/item/32951179443.html?algo_pvid=194ae2a0-fabf-49f6-8647-94faeeffc739&algo_expid=194ae2a0-fabf-49f6-8647-94faeeffc739-49&btsid=0b86d81616032505551423621eed35&ws_ab_test=searchweb0_0,searchweb201602_,searchweb201603_"
"https://www.aliexpress.com/item/32951179443.html?algo_pvid=194ae2a0-fabf-49f6-8647-94faeeffc739&algo_expid=194ae2a0-fabf-49f6-8647-94faeeffc739-49&btsid=0b86d81616032505551423621eed35&ws_ab_test=searchweb0_0,searchweb201602_,searchweb201603_"
"https://www.aliexpress.com/item/32951179443.html?algo_pvid=194ae2a0-fabf-49f6-8647-94faeeffc739&algo_expid=194ae2a0-fabf-49f6-8647-94faeeffc739-49&btsid=0b86d81616032505551423621eed35&ws_ab_test=searchweb0_0,searchweb201602_,searchweb201603_#feedback"
"https://www.aliexpress.com/item/32951179443.html?algo_pvid=194ae2a0-fabf-49f6-8647-94faeeffc739&algo_expid=194ae2a0-fabf-49f6-8647-94faeeffc739-49&btsid=0b86d81616032505551423621eed35&ws_ab_test=searchweb0_0,searchweb201602_,searchweb201603_#thf"
"https://www.aliexpress.com/item/4000509495165.html?algo_pvid=194ae2a0-fabf-49f6-8647-94faeeffc739&algo_expid=194ae2a0-fabf-49f6-8647-94faeeffc739-50&btsid=0b86d81616032505551423621eed35&ws_ab_test=searchweb0_0,searchweb201602_,searchweb201603_"
"https://www.aliexpress.com/item/4000509495165.html?algo_pvid=194ae2a0-fabf-49f6-8647-94faeeffc739&algo_expid=194ae2a0-fabf-49f6-8647-94faeeffc739-50&btsid=0b86d81616032505551423621eed35&ws_ab_test=searchweb0_0,searchweb201602_,searchweb201603_"
"https://www.aliexpress.com/item/4000509495165.html?algo_pvid=194ae2a0-fabf-49f6-8647-94faeeffc739&algo_expid=194ae2a0-fabf-49f6-8647-94faeeffc739-50&btsid=0b86d81616032505551423621eed35&ws_ab_test=searchweb0_0,searchweb201602_,searchweb201603_#feedback"
"https://www.aliexpress.com/item/4000509495165.html?algo_pvid=194ae2a0-fabf-49f6-8647-94faeeffc739&algo_expid=194ae2a0-fabf-49f6-8647-94faeeffc739-50&btsid=0b86d81616032505551423621eed35&ws_ab_test=searchweb0_0,searchweb201602_,searchweb201603_#thf"
"https://www.aliexpress.com/item/4001020051333.html?algo_pvid=194ae2a0-fabf-49f6-8647-94faeeffc739&algo_expid=194ae2a0-fabf-49f6-8647-94faeeffc739-51&btsid=0b86d81616032505551423621eed35&ws_ab_test=searchweb0_0,searchweb201602_,searchweb201603_"
"https://www.aliexpress.com/item/4001020051333.html?algo_pvid=194ae2a0-fabf-49f6-8647-94faeeffc739&algo_expid=194ae2a0-fabf-49f6-8647-94faeeffc739-51&btsid=0b86d81616032505551423621eed35&ws_ab_test=searchweb0_0,searchweb201602_,searchweb201603_"
"https://www.aliexpress.com/item/4001020051333.html?algo_pvid=194ae2a0-fabf-49f6-8647-94faeeffc739&algo_expid=194ae2a0-fabf-49f6-8647-94faeeffc739-51&btsid=0b86d81616032505551423621eed35&ws_ab_test=searchweb0_0,searchweb201602_,searchweb201603_#feedback"
"https://www.aliexpress.com/item/4001020051333.html?algo_pvid=194ae2a0-fabf-49f6-8647-94faeeffc739&algo_expid=194ae2a0-fabf-49f6-8647-94faeeffc739-51&btsid=0b86d81616032505551423621eed35&ws_ab_test=searchweb0_0,searchweb201602_,searchweb201603_#thf"
"https://www.aliexpress.com/item/1444889943.html?algo_pvid=194ae2a0-fabf-49f6-8647-94faeeffc739&algo_expid=194ae2a0-fabf-49f6-8647-94faeeffc739-52&btsid=0b86d81616032505551423621eed35&ws_ab_test=searchweb0_0,searchweb201602_,searchweb201603_"
"https://www.aliexpress.com/item/1444889943.html?algo_pvid=194ae2a0-fabf-49f6-8647-94faeeffc739&algo_expid=194ae2a0-fabf-49f6-8647-94faeeffc739-52&btsid=0b86d81616032505551423621eed35&ws_ab_test=searchweb0_0,searchweb201602_,searchweb201603_"
"https://www.aliexpress.com/item/1444889943.html?algo_pvid=194ae2a0-fabf-49f6-8647-94faeeffc739&algo_expid=194ae2a0-fabf-49f6-8647-94faeeffc739-52&btsid=0b86d81616032505551423621eed35&ws_ab_test=searchweb0_0,searchweb201602_,searchweb201603_#thf"
"https://www.aliexpress.com/item/4000889852710.html?algo_pvid=194ae2a0-fabf-49f6-8647-94faeeffc739&algo_expid=194ae2a0-fabf-49f6-8647-94faeeffc739-53&btsid=0b86d81616032505551423621eed35&ws_ab_test=searchweb0_0,searchweb201602_,searchweb201603_"
"https://www.aliexpress.com/item/4000889852710.html?algo_pvid=194ae2a0-fabf-49f6-8647-94faeeffc739&algo_expid=194ae2a0-fabf-49f6-8647-94faeeffc739-53&btsid=0b86d81616032505551423621eed35&ws_ab_test=searchweb0_0,searchweb201602_,searchweb201603_"
"https://www.aliexpress.com/item/4000889852710.html?algo_pvid=194ae2a0-fabf-49f6-8647-94faeeffc739&algo_expid=194ae2a0-fabf-49f6-8647-94faeeffc739-53&btsid=0b86d81616032505551423621eed35&ws_ab_test=searchweb0_0,searchweb201602_,searchweb201603_#feedback"
"https://www.aliexpress.com/item/4000889852710.html?algo_pvid=194ae2a0-fabf-49f6-8647-94faeeffc739&algo_expid=194ae2a0-fabf-49f6-8647-94faeeffc739-53&btsid=0b86d81616032505551423621eed35&ws_ab_test=searchweb0_0,searchweb201602_,searchweb201603_#thf"
"https://www.aliexpress.com/item/1005001381431288.html?algo_pvid=194ae2a0-fabf-49f6-8647-94faeeffc739&algo_expid=194ae2a0-fabf-49f6-8647-94faeeffc739-54&btsid=0b86d81616032505551423621eed35&ws_ab_test=searchweb0_0,searchweb201602_,searchweb201603_"
"https://www.aliexpress.com/item/1005001381431288.html?algo_pvid=194ae2a0-fabf-49f6-8647-94faeeffc739&algo_expid=194ae2a0-fabf-49f6-8647-94faeeffc739-54&btsid=0b86d81616032505551423621eed35&ws_ab_test=searchweb0_0,searchweb201602_,searchweb201603_"
"https://www.aliexpress.com/item/4000193058683.html?algo_pvid=194ae2a0-fabf-49f6-8647-94faeeffc739&algo_expid=194ae2a0-fabf-49f6-8647-94faeeffc739-55&btsid=0b86d81616032505551423621eed35&ws_ab_test=searchweb0_0,searchweb201602_,searchweb201603_"
"https://www.aliexpress.com/item/4000193058683.html?algo_pvid=194ae2a0-fabf-49f6-8647-94faeeffc739&algo_expid=194ae2a0-fabf-49f6-8647-94faeeffc739-55&btsid=0b86d81616032505551423621eed35&ws_ab_test=searchweb0_0,searchweb201602_,searchweb201603_"
"https://www.aliexpress.com/item/4000193058683.html?algo_pvid=194ae2a0-fabf-49f6-8647-94faeeffc739&algo_expid=194ae2a0-fabf-49f6-8647-94faeeffc739-55&btsid=0b86d81616032505551423621eed35&ws_ab_test=searchweb0_0,searchweb201602_,searchweb201603_#feedback"
"https://www.aliexpress.com/item/4000193058683.html?algo_pvid=194ae2a0-fabf-49f6-8647-94faeeffc739&algo_expid=194ae2a0-fabf-49f6-8647-94faeeffc739-55&btsid=0b86d81616032505551423621eed35&ws_ab_test=searchweb0_0,searchweb201602_,searchweb201603_#thf"
"https://www.aliexpress.com/item/4000066504734.html?algo_pvid=194ae2a0-fabf-49f6-8647-94faeeffc739&algo_expid=194ae2a0-fabf-49f6-8647-94faeeffc739-56&btsid=0b86d81616032505551423621eed35&ws_ab_test=searchweb0_0,searchweb201602_,searchweb201603_"
"https://www.aliexpress.com/item/4000066504734.html?algo_pvid=194ae2a0-fabf-49f6-8647-94faeeffc739&algo_expid=194ae2a0-fabf-49f6-8647-94faeeffc739-56&btsid=0b86d81616032505551423621eed35&ws_ab_test=searchweb0_0,searchweb201602_,searchweb201603_"
"https://www.aliexpress.com/item/4000066504734.html?algo_pvid=194ae2a0-fabf-49f6-8647-94faeeffc739&algo_expid=194ae2a0-fabf-49f6-8647-94faeeffc739-56&btsid=0b86d81616032505551423621eed35&ws_ab_test=searchweb0_0,searchweb201602_,searchweb201603_#feedback"
"https://www.aliexpress.com/item/4000066504734.html?algo_pvid=194ae2a0-fabf-49f6-8647-94faeeffc739&algo_expid=194ae2a0-fabf-49f6-8647-94faeeffc739-56&btsid=0b86d81616032505551423621eed35&ws_ab_test=searchweb0_0,searchweb201602_,searchweb201603_#thf"
"https://www.aliexpress.com/item/4001140419876.html?algo_pvid=194ae2a0-fabf-49f6-8647-94faeeffc739&algo_expid=194ae2a0-fabf-49f6-8647-94faeeffc739-57&btsid=0b86d81616032505551423621eed35&ws_ab_test=searchweb0_0,searchweb201602_,searchweb201603_"
"https://www.aliexpress.com/item/4001140419876.html?algo_pvid=194ae2a0-fabf-49f6-8647-94faeeffc739&algo_expid=194ae2a0-fabf-49f6-8647-94faeeffc739-57&btsid=0b86d81616032505551423621eed35&ws_ab_test=searchweb0_0,searchweb201602_,searchweb201603_"
"https://www.aliexpress.com/item/4001140419876.html?algo_pvid=194ae2a0-fabf-49f6-8647-94faeeffc739&algo_expid=194ae2a0-fabf-49f6-8647-94faeeffc739-57&btsid=0b86d81616032505551423621eed35&ws_ab_test=searchweb0_0,searchweb201602_,searchweb201603_#feedback"
"https://www.aliexpress.com/item/4001140419876.html?algo_pvid=194ae2a0-fabf-49f6-8647-94faeeffc739&algo_expid=194ae2a0-fabf-49f6-8647-94faeeffc739-57&btsid=0b86d81616032505551423621eed35&ws_ab_test=searchweb0_0,searchweb201602_,searchweb201603_#thf"
"https://www.aliexpress.com/item/4001175576623.html?algo_pvid=194ae2a0-fabf-49f6-8647-94faeeffc739&algo_expid=194ae2a0-fabf-49f6-8647-94faeeffc739-58&btsid=0b86d81616032505551423621eed35&ws_ab_test=searchweb0_0,searchweb201602_,searchweb201603_"
"https://www.aliexpress.com/item/4001175576623.html?algo_pvid=194ae2a0-fabf-49f6-8647-94faeeffc739&algo_expid=194ae2a0-fabf-49f6-8647-94faeeffc739-58&btsid=0b86d81616032505551423621eed35&ws_ab_test=searchweb0_0,searchweb201602_,searchweb201603_"
"https://www.aliexpress.com/item/4001175576623.html?algo_pvid=194ae2a0-fabf-49f6-8647-94faeeffc739&algo_expid=194ae2a0-fabf-49f6-8647-94faeeffc739-58&btsid=0b86d81616032505551423621eed35&ws_ab_test=searchweb0_0,searchweb201602_,searchweb201603_#feedback"
"https://www.aliexpress.com/item/4001175576623.html?algo_pvid=194ae2a0-fabf-49f6-8647-94faeeffc739&algo_expid=194ae2a0-fabf-49f6-8647-94faeeffc739-58&btsid=0b86d81616032505551423621eed35&ws_ab_test=searchweb0_0,searchweb201602_,searchweb201603_#thf"
"https://www.aliexpress.com/item/1005001501620281.html?algo_pvid=194ae2a0-fabf-49f6-8647-94faeeffc739&algo_expid=194ae2a0-fabf-49f6-8647-94faeeffc739-59&btsid=0b86d81616032505551423621eed35&ws_ab_test=searchweb0_0,searchweb201602_,searchweb201603_"
"https://www.aliexpress.com/item/1005001501620281.html?algo_pvid=194ae2a0-fabf-49f6-8647-94faeeffc739&algo_expid=194ae2a0-fabf-49f6-8647-94faeeffc739-59&btsid=0b86d81616032505551423621eed35&ws_ab_test=searchweb0_0,searchweb201602_,searchweb201603_"
"https://www.aliexpress.com/item/1005001501620281.html?algo_pvid=194ae2a0-fabf-49f6-8647-94faeeffc739&algo_expid=194ae2a0-fabf-49f6-8647-94faeeffc739-59&btsid=0b86d81616032505551423621eed35&ws_ab_test=searchweb0_0,searchweb201602_,searchweb201603_#thf"
https://www.aliexpress.com/item/Kawaii-Baby-Doll-Plush-Toys-For-Girls-Stuffed-Mouse-Doll-Soft-Kids-Toys-Cute-Girls-Lovely/4000376055612.html?ad_pvid=202010202022372686966929030120000217044_1&s=p
https://www.aliexpress.com/item/Kawaii-Baby-Doll-Plush-Toys-For-Girls-Stuffed-Mouse-Doll-Soft-Kids-Toys-Cute-Girls-Lovely/4000376055612.html?ad_pvid=202010202022372686966929030120000217044_1&s=p
https://www.aliexpress.com/item/Rubber-Dog-Chew-Toys-Dog-Toothbrush-Teeth-Cleaning-Toy-Dog-Pet-Toothbrushes-Brushing-Stick-Pet-Dog/4001006941653.html?ad_pvid=202010202022372686966929030120000217044_2&s=p
https://www.aliexpress.com/item/Rubber-Dog-Chew-Toys-Dog-Toothbrush-Teeth-Cleaning-Toy-Dog-Pet-Toothbrushes-Brushing-Stick-Pet-Dog/4001006941653.html?ad_pvid=202010202022372686966929030120000217044_2&s=p
https://www.aliexpress.com/item/Dog-Toys-Funny-Interactive-Elasticity-Ball-Dog-Chew-Toy-For-Dog-Tooth-Clean-Ball-Of-Food/1005001285495014.html?ad_pvid=202010202022372686966929030120000217044_3&s=p
https://www.aliexpress.com/item/Dog-Toys-Funny-Interactive-Elasticity-Ball-Dog-Chew-Toy-For-Dog-Tooth-Clean-Ball-Of-Food/1005001285495014.html?ad_pvid=202010202022372686966929030120000217044_3&s=p
https://www.aliexpress.com/item/30CM-Pet-Cat-Toy-USB-Charging-Simulation-Electric-Dancing-Moving-Floppy-Fish-Cats-Toy-For-Cat/4000723623334.html?ad_pvid=202010202022372686966929030120000217044_4&s=p
https://www.aliexpress.com/item/30CM-Pet-Cat-Toy-USB-Charging-Simulation-Electric-Dancing-Moving-Floppy-Fish-Cats-Toy-For-Cat/4000723623334.html?ad_pvid=202010202022372686966929030120000217044_4&s=p
https://www.aliexpress.com/item/Dog-Interactive-Suction-Tug-Pet-Molar-Toys-TPR-Chew-Ball-Cleaning-Teeth-Safe-Elasticity-Soft-Puppy/4000885085236.html?ad_pvid=202010202022372686966929030120000217044_5&s=p
https://www.aliexpress.com/item/Dog-Interactive-Suction-Tug-Pet-Molar-Toys-TPR-Chew-Ball-Cleaning-Teeth-Safe-Elasticity-Soft-Puppy/4000885085236.html?ad_pvid=202010202022372686966929030120000217044_5&s=p
